,Actual Headline,Prediction
0,"tips and tricks on how i shifted my life and perspective, take what resonates with you and make it yours. add your magic sparkles","whatever resonates with you in your own body and your own mind and your own environment take it with you because whatever that sits with you in your own body and your own environment take it with you. so whatever resonates with you in your own body and your own environment take it with you. this is something that i love to live by and how i have shifted my life by introducing movement into my life. and this is a daily practice when i first started off, it is something that becomes agitated and"
1,"sam hall is the director of the highly influential conservative environment network. with nearly 60 mps making up its parliamentary caucus, cen is the most important and influential network of environmentally-motivated conservative activists and politicians in the united kingdom.","sam hall is director of the conservative environment network. he has worked as a special adviser to michael gove. what are the big opportunities arising from brexit? yes, i think environmental enhancement will still be the critical core of that bill going forwards."
2,"one of the few rio-based brands with a longer history, wöllner was founded in 1983 when they started producing wallets made out of sails fabric. today, although being particularly known for its backpacks, the menswear brand based in rio de janeiro incorporates a wide range of products, from casual-, to swim- and activewear, offering everything an active lifestyle requires. together with ceo giuliny shauer we talked about the importance of knowing ones brand essence, what it means to get a brand back on the right path and about the numerous opportunities and challenges of the fashion industry's ever changing landscape.",rio fashion talks is a podcast about the vibrant brazilian fashion industry. we are discussing current issues and talk to different local industry insiders from young creatives to establish brands and other inspiring personalities directly from beautiful rio de janeiro today. our treasure of cardio confession carioca is an expression for the rio de janeiro's local people founded in 1983. wellner is a brand that is focused on the people that love the outdoors and practice any kind of sports like biking running
3,"in episode 62, greg nuckols stops by and discusses his masters thesis research on the differences in training fatigue and recovery between men and women. greg is a wealth of knowledge in everything exercise science related so get your popcorn ready and enjoy this show!","squall university is manic depression settled and flipping in the fantasy podcast on search. today, i am pumped to pick your mind on a very particular topic that you are very well versed in now, which is your master's thesis and the idea of a difference in fatigue and recovery rates between men and women now. so yeah. my name is craig. i am a power lifter also coach powerlifting. so yeah. my name is craig. i am"
4,want to learn more about what it is like training dolphins? join us for this episode with linda erb from the dolphin research center as we talk about her start in the marine mammal field and what it is like working with dolphins.,"charlie. it is great to be here and congrats to jessie and her new little baby too. all right, so i am charlie from the dolphin research center and i actually work at an amazing place called the dolphin research center and we are in the fabulous, florida keys. i was a kid that loved dolphins back when i was flipper was on television and flipper generation kid and i always got to be flipper for i was but who was flippers best human"
5,"in this episode i share with you the journey of going from being a single mother living on welfare, to now running a successful million dollar business. this is a manifestation story that spans a decade with themes of miscarriage, miracles, finding true love and moving to las vegas. 2pa0d4b",you can download the free anchor app right now or go to anchor dot. f m-- to get started. episode number 96 of the journey to manifesting podcast. this is episode number 96 of the journey to manifesting podcast. it is december 2019 and so here we are today. in mind...
6,"our guest this week is designer, artist and mother of three helen steele. helen talks about having adhd, how even from the first day of school she felt like there was something different about her, about the anxiety it caused which subsequently led to her developing an eating disorder. she talked about how sport and art helped her cope, about having a baby and isolation in motherhood after she moved away from dublin, about her fitness range for dunnes stores and how for her exercise is about the mind rather than the body, and how she coped with a divorce after she and her husband separated several years ago.","helen steal the artist designer and mother of three. we talk about having adhd how she remembers feeling something about herself was different from the very beginning of primary school. yeah, my older brother was really good kid. but as a kid, like i think the first time that i realized oh god, i am embarrassingly different and why cannot i just be normal? yeah, hon. helen steal is the creator of a fitness range for done stores. we also talked about her"
7,"listen to mendel's marketing success story on this episode of success is a bitch. mendel got into a company that was making $30,000 in sales per month and took them to over $100,000 in sales per month. he talks about his upbringing, how he got into marketing, and his plans for the future. check him out on instagram:",i was brought up in new york just like many other jews. i was not really cut out for the system never graduated high school just realized that at that age i was just not fit to sit in a classroom and listen to teachers i felt so high. you did not kill it there. i dropped out of high school. i kind of went down a rough patch where a lot of personal things are happening in my house my family. i got into israel for a school that was meant for
8,"monica riskey is a singer-songwriter from brooklyn, ny. in this podcast, monica gives some great advice for new artists on how to get started. we also talk about how she managed to reach one million streams and the inspiration behind her new song i am happy out now. enjoy!","i think you have reached out to me. it is so cool. we started like just kind of really i love that. yeah, thanks for doing it. monica risky awesome. this episode your host monica monica talks about her music and what also advice the inspiration behind us songs and advice. how she got thank you. great. no doubt. was like like amazing. fun. cool. cool"
9,day three of issac the inchworm's journey. issac awakes to find the leaf covering him blowing away. he has to make a decision to grab on for a ride or just let it go. his final choice takes him on another unexpected scenario. listen to find out where issac ends up next. : a dinner and a rabbit by mutestare is licensed under creative commons attribution-noncommercial-noderivatives 4.0 license,he was sleeping under when the leaf he was sleeping under was starting to shake winds were starting to pick up and it caught a gust of wind under it blew it into the air. isaac wakes up underneath the leaf that he fell asleep under and for whatever reason the inchworm grabbed onto the leaf just as the wind picked up. colt frog satisfied and went back down into the water swimming back towards shore but with the frog did not notice there was a bass behind him.
10,"girl_runs_corporate, is a busy mother, wife corporate consultant and marathon runner from atlanta. she is currently training for her fifth marathon, chicago. tune in to hear why this time around grc has a different approach to training for this marathon, and what exactly running means to her, and how she adjusted her running routine around pregnancy and becoming a mother. grc is an incredibly inspiring person, full of wisdom, she is motivated and extremely conscious of what is important to her and her family, focussing on aims that allow fulfilment to both her and her family so that she can be present, in herself, her life and with her family. stay tuned to hear why","gil runs corporate is an avid runner from atlanta. she is a wife and mother to ten month old taylor. she has run for marathons and working towards her fifth this year, which will be chicago children's corporate is super busy. so again, yeah, i was really grateful for here time. i took away so much from this chat. i could not agree more with everything that grc said we are just on the same level and it was just a little"
11,"hope your sunday is going absolutely perfectly. today’s you’ll hear an awesome episode from the 4as strat fest in october of 2016. i talked a lot about the shortcomings of traditional media, dealing in alternatives and the roi of different situations. enjoy the episode and the rest of your weekend, please please let me know what you thought on social 3 timestamps: 6:23 - why the traditional media is broken 9:05 - what gary does for a living 12:40 - common sense and measurement matters 14:25 - measuring the thing 14:52- the structure of the game 16:15- not believing in what you sell",today you will hear an awesome episode from the forays strat fest back in october of 2016. this is the gary evie audio experience today you will hear an awesome episode from the forays strat fest back in october of 2016. carrie flynn is a journalist who is now business reporter for mashable with this particular specialism in the tech industry. the other chair is for gary vaynerchuk who has a formidable headline which is gar
12,"in today's episode, we interview sam leonard, a published author who just released her first book titled groomed: shining a light on the unheard narrative of childhood sexual assault. like many, sam was sexually assaulted as a child and went on to develop a disordered relationship with food as well as perfectionism and a need to be highly achieved in all areas of life. she shares her experience of dealing with and healing from the trauma, the impact it can have on your life as well as the power of community as a survivor. you will walk away with insights into how to heal, process and ultimate transform darkness into light.",today the love your bod pod. we are interviewing samantha leonard and she is a recently published author. when sam was sharing about her healing process i think it is very related to my work with women who have experienced sexual assault as a child and then went on to develop a really disordered relationship with food and how it manifested into trying to control their body as a child and then going on to become a client of mine and ia
13,"welcome to sleep eat perform repeat episode 1. today we spoke with james ellington, a former team gb sprinter who was involved in a very serious motorbike accident in 2017. we spoke to james about his road to recovery since then; his relationship with team gb at present, how his body is feeling at present and his plans to get back competing. had a very good talk with james about the fine margins at the elite level of athletics and how he deals with adversity. some great motivational stuff in here.",this is your host david clancy and along with my co-host connor gavin. we are here in socal performance dublin to bring you a podcast focusing on what it means to be performing at the highest level. of our sleep each performer pea pod cast myself and david sat down with james ellington a former team gb sprinter who was involved in a serious motorbike incident back in 2017. we also touched on his relationship with team gb
14,"in this episode, alexis and amanda discuss evidence from current concepts on shoulder impingement and conservative management of the rotator cuff. questions? email certifiedocspodcast;","i will also be linking through med bridge. they have got a couple different shoulder. lessons on there. so amanda is going to talk about shoulder impingement and conservative management of rotator cuff injuries. so we are going to start with primary impingement and then we are going to go over some of the different types of management that they recommend. you are going to see however, subacromial impingement is one of the most common types of impingement. it can be caused"
15,"grassroots podcast sharing everyday stories and how we overcome personal obstacles. we sit down with david to discuss issues such as mental health, sexuality and a change in career.","i am the founder of the online organization clashes with an crashes. we strongly believe in helping others in any way we can overcome personal ashes in order to reach their full potential as always. so thank you very much and i truly believe that having these discussions and highlighting will go a long way and helping anyone who needs it as well added. just tell me a little bit about yourself and what you do. yeah, david campbell. i am a fourth year student at the university of glasgow studying"
16,"this meditation walks us through feeling our hearts, seeing those words related to what we desire and what we need to release, then moving towards the vision. seeing your success is the first part of manifesting it into reality.",i say what i see and then i say what i see so that is how i come up with these fun meditations today. my name is jill and i do a live broadcast of my meditations every day on an app called periscope. my meditations are not scripted. so this is an exercise in that it is really just allowing yourself to see what is possible and not necessarily narrow the scope of that vision.
17,"in the first episode of the teenage teacher podcast, we explain the conflict between the us and iran and the complicated situation surrounding it. we talk about the future possibilities of world war 3 and how the internet responded to these developments. snapchat: teenageteacher","this is the first episode of the teenage teacher podcast. hello guys, my name is naomi and i am your host and co-host glance. we are on snapchat facebook and instagram at teenage teacher. yeah, introduce yourself. hi, i am kaylen sia. and yeah just like not know me already said this is the first ever episode of the teenage teacher podcast. you have to go back to the beginning of the presidency of donald trump. he was elected in"
18,"matt and plevs discuss ferrari radio woes, the race spec euro series, official f1 esports series and answer all your questions.","race vicky sports the race vicky sports podcast it was a surprise red bull were better than mercedes in the sadie's. yeah, no, no, no, really. so yeah, it was a bit of a surprise that red bulls like a pace in the last two races but they seem to be gearing up to japan. yeah, yeah, yeah, yeah, yeah, yeah, yeah, yeah, yeah, yeah, yeah, yeah, yeah,"
19,"creating your own personal brand can be challenging when first starting out. so we’ll be talking to caterina bianchini, founder of her own studio and ex-boiler room, about some ways you can develop, broadcast and showcase your individual talents and interests, and help get yourself noticed.","this week we are back with series 2 of the dnad make and break podcast in partnership with wpp. hello and welcome to episode 2 of the dnad make and break podcast in partnership with wpp. so cat you are actually a founder of your own design and the studio. can you tell us a bit about yourself and what is got you to this point? yes, it depends on the project but sometimes we are at full-time or part-time."
20,"ep 25. this being the first episode of 2020 we have with us jyoti tripathi. from solo travelling, biking to adventure sports her passion list goes on. she is here to share her life mantra and her story will certainly inspire many. she also sets a great example for one to be a passionate and successful person. __tripathi?igshid=1eui6jafrvu9p",jyoti three-party from solar traveling bike riding to adventure sports her passion list goes on today. welcome to glitters of life the motivational podcast. i am your host rohit and in the first episode of 2020 we have with you jyoti three-party from solar traveling bike riding to adventure sports her passion list goes on today. so tune in to the episode to get motivated.
21,i explain what i want to happen for this podcast in the new year. plus a story on working my last cardiac arrest call is told.,i have set some personal goals for myself that i will need to put a lot of work in to accomplish but if i keep myself in the right mindset and have enough motivation i believe i can do it. i also want to get guests on this podcast with me and i want them to talk about some of their experiences not everyone has the same experience in ems so sit back relax and enjoy this podcast.
22,"how to make sense of getting very mixed signals from women so you can get out of friends-zone, relationship limbo and create sexual attraction and real intimacy. in this video coaching newsletter i discuss an email from a viewer who broke up with his ex-girlfriend almost a year ago. he wants to know if it’s too late to save his relationship and get her back to wanting to be exclusive with him. when he backs off they spend more time together, but the sex is sporadic and only when she is in the mood. most of the time he gets the cheek when he tries to kiss her. when he dates other women she gets jealous,",i have got an email from a guy who is in a situation. he broke up almost a year ago to the day that he wrote miss email with his ex-girlfriend. so obviously has the opportunity to get her back but he is not exercising emotional self control for a year. i am going to jump right into his email and then we are gonna jump right into his email. hopefully help him find tune and tweak things to resolve this one way or another. i mean that is fuck
23,"a friend of mine and fellow stanford senior king alandy dy joins me on the third episode of season 2 today! king is a serial entrepreneur, having previously founded a consumer company when he was 18 years old that was essentially the common app of the philippines. today, we talk about his current enterprise company tul. ai that is doing robotic process automation for freight document processing. the company’s raised a pre-seed from bain capital ventures, scaled to a team of 8, and is currently looking for talent. join me as we discuss king's entrepreneurial journey. how did he develop an mvp","we ran with it for four days and then we showed real customers. i had no idea that you would be doing another podcast. but here we are. welcome to the founders couch. this is a show about stanford and mit student founders and their intrepid journeys of starting their own thing. how is week five beginning of week five? i mean just been on that side. up grind, you know, yeah trying to balance classes with going to customers talking to them closing some deals. mmm. that"
24,"today on the pod, fletcher barnes & henry davis, founders of blue marble day, join me to tell the incredible story of their journey, talk about surrender, & discuss making decisions. we talk about: the incredible story of their journey centered around love an app, a zen palace, a school bus, a colonoscopy, a trip to africa how surrender is not weak, but actually extremely strong & courageous how to know when to take action & when to surrender what it means to co-create with god how sometimes seemingly small decisions can actually be the big decisions how everyone is creative in their own way & how important it is to express yourself show","the wake active alive is a podcast dedicated to helping you deepen your connection to a higher power to the people in your life and to yourself. so today i have joining me fletcher barnes and henry davis and they are the founders of this movement called the blue barrel day. we talked about how surrender is not weak, but it is actually something that is incredibly strong we talked about co-create with god we talked about how sometimes the really small decisions that you make can be very big things like making money"
25,"in episode 3 of the mdrt podcast, i had the pleasure of talking with dr alice briones. alice is the deputy director of the armed forces medical examiner system for the department of defense. she’s a forensic pathologist at dover air force base in delaware, mother to her “coffee bean owlet” and supported by her “spousal unit” jesus. it was a pleasure chatting with alice as she had a very busy week which included completing her first marathon! we talk all things chicago marathon, her fascinating job and her adorable family. please enjoy!","dr. alice briones is the deputy director of the armed forces medical examiner system of and is in the us air force she is a forensic pathologist and has just ran her very first marathon. on this episode she shares her running experience and about her life and her super interesting job. thank you so much for making time for me to be here today. i am so excited. i know it is a strange of mdrt, but i feel like i know it"
26,"chuck bundrant is a dreamer, with legendary work ethic. always remaining humble and hungry; crediting his success to being in the right place, at the right time. listen in to see how timing plays in his favor, as author of catching a deckload of dreams, john vanamerongen reads chapter 2: the burch brothers. the audio material used in john vanamerongen's reading for this episode was produced at green frog products, located on vashon island, washington.",chuck bundrant has often credited his success to being in the right place at the right time and he is quick to acknowledge that timing plays a part in his success check bundren is a visionary with legendary work ethic. chuck bundrant is a pioneering fisherman who's always been humble and hungry attributing so much of his success to the people that comprise the trend family.
27,"fiona lowenstein of body politic joins tango to talk about wellness and sex. body politic is a queer feminist wellness collective, events series, and media company. their online content and event programming focus on the intersection of wellness and politics, and under-discussed issues in the industry, such as the way wellness intersects with gender, sexuality, and race, among other topics.","hi, that is philip. and that is dana and we are tango. this is actually all of our episodes are just a series of bloopers until hi everybody. that is philip. and that is dana and we are tango. hi everyone. that is philip. and that is dana and we are tango. thank you for coming. with fiona - fiona. so body politic is a queer feminist wellness collective event"
28,"josh terry manages mayday parade, is a co-founder of sad summer festival and owns workshop management. this episode is a little different from the others. his story has been told before so we jump straight into the thick of it. he gives advice for all up and coming artists and industry, he talks deeply on why he started sad summer with his partners, and speaks on mentors and finding the right ways to get your foot in the door with music. think y’all are really going to love this one! if you do - you know the drill, share it and leave a good review! i’m and he’s",you are not an artist. you are just another musician making music that will not connect. if you do not feel like you can walk into the room and you are the most important person that room then you are not an artist. you are just another musician making music that will not connect. so this week we sit down with josh terry. he is a pretty impressive dude. he is co-founder and owner of the sad summer music festival and owns his own management company in nashville called workshop management.
29,"today, i got to interview the band portugal. the man, who went to 4 in the billboard top 100 charts for their grammy-winning hit song feel it still. on the off chance you don' 4ki8ie27vjvonwab2eph8",i am pretty kind of starstruck right now. so hello and welcome back to another episode of the major jobs podcast today. i got to talk with the grammy-winning band portugal the man whose hit song feel it still went to number four in the billboard hot 100 charts. so like i have interviewed like the hypnotist. i have interviewed the guy that made the language for game of thrones. i have also interviewed like composers and i think that is probably different from what
30,"this week lisa takes us back to 1989. cindy james, a 44 year old vancouver nurse, was found tied up and murdered after she had suffered the torment, harassment and violent attacks from an unknown stalker for almost 7 years! even though this looked like a gruesome murder, police had their reasons to believe this was the result of something else. this episode will leave you asking whose crime is it anyway? 043-the-mysterious-death-of-cindy- /07/05/who-killed-nurse-cindy-james/?feed=ahr0cdovl3ry","they had an affair and soon after the divorce roy bought a house for the two of them to be with cindy james he was 37 years older than her and they amicably separated in 1982 cindy james was found tied up and murdered in richmond, british columbia on june 8 1989 a 44 year old nurse was found tied up and murdered in richmond, british columbia. she had been suffering the constant harassment threats and violent attacks"
31,"daniel harrison, true potential chief executive, is joined by david harrison, true potential chairman, and jeff casson and mark henderson from the true potential investment management team. their roundtable discussion centres around china and the recent trip they made for the greater china conference in shanghai.","daniel harrison chief executive of true potential and unfilled welcome everybody to the true potential of in china video and podcast. we are going to be joined by jeff carson, david harrison and mark henderson today. it was a fascinating four days, and we are really at a chance. get to know another side of the world and to really help us with our mission to do more achoo potential before we really get into d deal. so for me it was about being"
32,"i’m very passionate about personal growth. it was just 4 years ago when i discovered my passion for growing and helping others grow. at that time, i was 22 and in my final year of university. as i thought about the meaning of life, i realized there was nothing more","i am going to be teaching practical works to improve yourself. hello, and welcome to this our listenership. i am alice jumping from little things for you to actually learn from now one read a book every day books are concentrated source of wisdom as position yourself to think and grow rich. what about read the book? another one is when who moves my chest who moves my chest another book number of the book. the third one is seven habits the thoughts design."
33,"with cities constantly growing across the world, we focus in on the centerpiece of modern cities, as we delve into the history of building taller, the state of the tallest buildings in the world today, and what we can see in the skylines of the future","i am afraid of heights. is it too late to tell you i am afraid of heights? hello guys in this episode. we are going to be talking about skyscrapers. by definition a skyscraper is a high-rise building that has over 40 floors and is at least 500 feet tall. they can host commercial offices residential spaces hotels and even shopping malls. but before we get into the neck breaking heights of the tallest buildings in the world today, let us take a step back."
34,"jack, ross and max get together to review the greatest summer in cricket history. they also go on to discuss england's new coach, chris silverwood, as well as their test team for the tour of new zealand.","i think it is a woman be permitted to happen again. very good. yeah. we lost the ashes. it is right. we just failed to regain them. yeah, i will have another go this way. hello everyone and welcome to the cricket podcast with me jack. from the cricket podcast, we will sort of review the 2019 summer of love. what bit of the summer depressed you the most? personally. i saw steve smith had over 350 runs live. mmm. that is pretty"
35,"hello and welcome to another episode of she means business! in this episode, i was joined by the lovely jenny fitz. she the founder of femm international. in the episode, we talk all about the highs and lows of being an entrepreneur and how to create momentum in your business early on and get connected with experts and influencers. so much good is in this episode. i really hope you enjoy it. you will learn... >> jenny’s story of going from being a teacher to a full time photographer >> how she made over 6 figures in revenue in her first 14 months with her photography business >> how a “disaster” experience that","i am carrie green the founder of the female entrepreneurs association and author of she means business turn your ideas into reality and become a wildly successful entrepreneur. in this episode, we pretend that there is a movie coming out called she means business. yes, it has its ups and downs. yeah, it is like being an entrepreneur definitely has its ups and downs. sure, but yeah, it is a being an entrepreneur definitely has its ups and downs. you know, you do not know"
36,"in this episode of the modern medic, jeremy chats about gunshot wounds gsw for first responders with dr dan pronk, former special operations doctor and recent author of: average 70kg d!head..au/70kg/",dr. summer pronk is the medical director of tap met estrella in a nutshell. he did his medical training through the army and then spent spent spent spent a number of years as a military doctor in that time. so i think one of the key differences between gunshot wounds and other trauma is it is a projectile that enters the body and then forms a wounding pattern inside the body. deb first question is what are some of the key differences. we
37,"today on the show we talk to curt richy and learn how he went from having intense social anxiety from any type of conversation to making a living by talking to a camera. this story is a little different from our previous ones because we’ve interviewed curt while the youtube algorithm is screwing him. usually youtubers get interviewed when they are being hand-fed views like an obese baby, but i’m really interested to peer into the mindset of someone who is getting screwed over and doesn’t know why.","an unconventional life is a jump cut podcast talking to people that live outside the norm the weirdos and freaks the risk takers and visionaries. we explore the lives, you know, you want and the jobs you never knew existed. this is an unconventional life a jump cut podcast talking to people that live outside the norm the weirdos and freaks the risk takers and visionaries. we ask our guests how they achieve their unconventional life and how they thrive without a schedule 9 to 5."
38,"the sacral chakra or svadhishthana, and how to open the sacral chakra lies in understanding how it affects your body. teal swan explains how the sacral chakra is governed by passion and personal power. it is the center of creativity and creation and is the chakra responsible for sexual and sensual energy.","the sacral chakra is a vortex of energy. it emits and receives vital force or pranic energy. it changes its pattern texture and sound. this chakra governs your sexual organs your spleen your kidneys your womb lower vertebrae pelvis hips your bladder your appendix your large intestine and adrenal glands you have to ask yourself how do we live with people in our relationships? when the chakras are out of alignment, it tends to pull everything associated with that chakra out"
39,"in this episode i chat to cork based intuitive coach & transformation facilitator cliona o hanlon about aligning to your true passions in life. cliona recently did just that by following her heart into the world of coaching and leaving a successful hair salon business behind. we discuss her transition from the hair dressing industry to the world of coaching and what her work now involves. we also chat about the align wellbeing events which cliona has organised in order to dismantle the stigma around mental health challenges and to raise funds for pieta house, a service which cliona has used in the past herself. cliona also shares her top tips for","aisling daly of the throw for life podcast with me today, i am joined by fellow cork woman the beautiful clean o'hanlon and choose of coach and transformational leader. we chat about aligning your true passions in life. tina recently did just that by following her heart and her passion into the coaching industry where she helps others in the pursuit of their goals aligned is a significant word for cleaner as it is also the name of a well-being event that she is organized in"
40,"in today’s episode of the real reel podcast with natalie barbu, i interviewed a doula - ariana martinez. we talk about her life, how she got to where she is today, and looked into the life of a doula! ariana did not take the most “conventional” path right out of high school, but her adventures and unique journey have turned her into the special person that she is today. she has lived in north carolina, california, and chicago but made her way back home. she takes us through her life journey this far and shares some pivotal lessons she learned. we also dive into","it is one of those friendships that i cherish very deeply and it is one that i am so proud of. she is one of those friends that i have known since sophomore year of high school and she is my friend ariana. ariana is a doula. so we talked a lot about what being a doula is and how she got interested in becoming one and also her path to where she is today. so, yeah, i think it is going to be a very relatable inspiring"
41,hi and welcome! today we are talking to michelle who struggled with infertility for about 3 years. she shares about her journey to pregnancy and opens up about some of the difficulties that accompanied the longer-road to parenthood. michelle now has a beautiful son and we hope this story gives you hope as you build your own family!,"today we are talking to a woman who was trying to conceive for about three years and she is going to share her story on her journey and a little bit about a pregnancy and postpartum. hello, beautiful people welcome to trying to conceive podcast and today we are talking to a woman who was trying to conceive for about three years."
42,"just getting back from new york city with my sister. boy, some shocking soreness is getting to me! this episode shares some of my bjj travel tips to have a great time in the big apple.","i would pick out a flavor or type of bagel and the other half was another flavor and the same with the donuts. so it looked like i had a ton of doughnuts, but the reality is that we were sharing and i did not have that many donuts, but i do make it a huge production what i do i mean come on. it is just spectacular. i had a croissant doughnut croissant like shaped like a donut and cooked like a"
43,"recently an instagram video was shared depicting a girl groping hp onit at the hp boyz concert last weekend at mvp. cribbs & talica dissect the double standards of harassment and why you need consent at all times. we also talk about our experiences of non-consent, double standards of men/women and nudes etiquette.",i would like to acknowledge the aboriginal and torres strait islander people as the first nations of this country and the dark people as the traditional custodians of the land in which record and share our stories on we also pay our respects to elders past and present.
44,"we interview the top rated recruit for the 2020 class, joe bamisile! a huge recruit coming in this year for the men's basketball program. we were so impressed with this guys demeanor and maturity.","joe bama seal is the highest rated recruit that we have ever had in the program. probably ever. congratulations on that six five hundred seventy five pounds shooting guard. sixty sixth ranked nationally 12th ranked shooting guard and 5th in the state of virginia really impressive, you know, just joe bama seal. i would say obviously a basketball junkie when we that is watching couple nba games every single day lifting weights five six times a week. yeah,"
45,"on this, the very first episode of the serial killers academy podcast, wednesday and grey introduce themselves and give a little background on who they are, the things they like, and how they became the people they are. then they dive into the case of serial killer wayne williams.",this episode of the serial killers academy or grindhouse on 42nd street is brought to you by anchor. it is a free to download app available on google play or the apple app store and it is available for cell phones and tablets. so check it out. anchor anchor is a free to download app available on google play or the apple app store and it is available for cell phones and tablets. and once you are finished recording anchor will distribute your podcast on multiple platforms including spotify. apple podcasts google podcast pod bean and so much more.
46,"take a deep dive into professional photographer/artist nathan james and how he became one of the top photographers in the entertainment industry. nathan has worked with companies like puma, featured in vogue magazine, k-swiss as well as shooting with various artists like justin bieber, post malone, and other various performers.",you can download the free anchor app or go to anchor fm to get started. so anchor will also distribute your podcast for you. so it is easy to make a podcast and there is no minimum listenership whatsoever. so this is episode 1 of the daily grind. what is going on? nathan james. i am an entrepreneur who is an artist and i have dabbled in a few things involving the entertainment industry from artist management on the music industry to photography videography marketing stuff. so
47,"the crown refs podcast is honored to welcome nba officials, eastern regional scout, al battista. al has one of the most intelligent referee minds in the world and is constantly sharing his knowledge with other officials. in this podcast, we discuss the grassroots program and what he is looking for in a candidate.","the crown rest podcast is super excited to have special guests al batista on al is the nba officials eastern regional scout. so i am at the mag boot camp is a camp for her off high. cool referees up here in purchase new york, and i am looking obviously at these officials potential wnba in the future possibly. well, thank you paul. it is just phenomenal appreciate that."
48,"how did a former pirate get angel investors and sell his first startup at the age of 17? in this episode, ronster chats with ellard capiral, the founder and ceo of admov, a platform that allows businesses to advertise through ride-hailing networks such as grab or uber. he will share his experiences as a self-taught developer and how hustled to pay for his own college education. he will also share the key things he learned on how to become a very good developer during his tenure in trend micro. ellard will also discuss how he came up with admov and the whole process of growing his company. lastly",if you are able to go beyond that. the podcast today we are going to be talking to ella jump around of admob and today he is going to be sharing how he started out as career at a sixteen-year-old putting up his own startup because experience pirating dvds and cracking games. then ella jump around of admob and today he is going to be sharing how he came up with admob and ella
49,"this is an introduction to human geography. the first thing we learn about is the 5 themes of geography. they are location, place, human-environment interaction, movement, and region. i give a brief explanation and an example. students and listeners, start thinking about what these might be for you and get ready to share!","we are going to be reviewing the five themes of geography a student's you probably remember some of these back in eighth grade. so for example, if you go to b&b cafe in albert lea which has some of the best pancakes in minnesota you go. and they have the geographic coordinates there. so for example, i could tell you the absolute location or i could tell you what it is near walgreens and that is the relative location. so for example, if you"
50,"sometimes you have to listen that there is no fire within. i sat down to chat with sarah while she was in boston to get some practice on the course on a mid january weekend. we shared the magic of the newton hills, full of runners and volunteers handing out water, and it stoked the fire for sarah's upcoming training cycle. we talked about motivation, taking time off, and how to keep that fire lit.",today's guest is sarah duffy from for the long run. we are talking about what keeps runners running long strong and motivated. this week in boston sarah was training for the boston marathon course with the goal of getting to experience the boston marathon course for the first time before she races it later this year. sarah thanks for having me on this podcast. thank you for having me on this podcast. i am your host jonathan levitt. i have been running for
51,"what is up everyone, in this episode of the podcast, we sit down with amelia ramzan, a recent medical graduate who is starting residency soon. we hear about her journey through medicine and delve into an important conversation regarding mindset. i hope you find some value in this interview. you can reach amelia on instagram, and feel free to hit me up on instagram or on email dillondejam for any questions or feedback. thanks for tuning in.","i am really honored that you were willing to come through for the podcast that means a lot to me. so thank you so much, and i think it is going to really guys a lot of value and i hope you enjoy alright everyone. thanks so much. hey dylan, this is amelia, and i am so excited to be here today and super honored that you were willing to say yes to be a part of the podcast that means a lot to me. we are sending down with am"
52,"in episode 30 we find out who paul was really seeing on sunday night plus a look back at the cup match vs hibs, sportsound at the bonar hall, john clark, the reserves, the under 18's, the loan report, the rumour mill, morton preview, on this day, an actual dode fox podcast fact and podcast pints return | you can follow us on twitter, instagram and facebook orange_heartblack_heart podcast dufc p2baa",the code talks podcast welcome to episode 30 of the do not fall. i am mark wilson and you are listening to the nude fox podcast. i was the reason this episode as a day lit or what assure the village people put on before i was able to do the ymca match on sunday. we have the small matter of testing ourselves against premiership opposition a test will be discussing as the loans and lewis show got the dolls to earn us a replay at easter
53,welcome to the first episode of onbrand. this week our ceo anthony logan sits down with queen elizabeth grammar schools head of marketing niall williams to talk about the decline in creativity in schools and how learning needs to change for the success of children in the future.,"today we are going to talk about how creativity is declining in a in the education system. so welcome now, it is good to be here. thank you. yeah. thanks for joining us on this episode of on brand a podcast brought to you by noir agency."
54,"listen gladys is a podcast by millennials for millennials and anyone else who finds us amusing. this first episode introduces your hosts michelle old millennial and logan young millennial who will talk about what it means to be part of this generation, state some facts on what defines a generation and true facts on this generation.","we are to millennials. i am the oldest millennial possible. i am an introvert. i have done the test. yeah, but basically i love office supplies and eating. i am an introvert. i have done the test. yeah, but i am an introvert. i have done the test. yeah, i am an introvert. i am like listen gladys. you know that. okay. so let us hear about yourself. oh, well,"
55,"showcasing southeast asia's startup ecosystem is a very big responsibility. in this episode, ronster chats with mohan belani, the founder and ceo of e27 and echelon. mohan will share the humble beginnings of how e27 was born and why echelon was made. mohan also talks about the process of how they choose which stories to feature and the impact of articles they write to startups and investors. mohan will also share amazing tips on how to go to startup conferences on a discount, how to recruit effectively, and the qualities of a good startup in this awe-inspiring episode.","in pakistan or their community? how is it that the problem in pakistan or their community? so welcome to hustle share the podcast the features a daily grind of unique hustlers around the world to show not our differences, but that our hustles are very much alike. mohan belani is the founder and ceo of e27 and echelon. he also shared how they were able to stick it out to where it is now all had also shared how they chose which stories to feature on"
56,"creating a world-famous app that grew to 60 million users in 3 months is unheard of until profoundly was launched. in this episode, ronster chats with prashant pitti, the founder and ceo of profoundly and near group, to discuss how he was able to create apps that millions of users are using with zero marketing. prashant will also share his journey of how he became an entrepreneur after being an assistant vice president of a us bank at the young age of 23. he will also share his tips on how to create products that scale and he will reveal if profoundly really reveals the people asking questions on the platform","there is no substitute for hard work. there is no substitute for being persistent and you know, nothing could take away from them. so welcome to hustle share the podcast the features a daily grind. today we are going to be talking to mr. prashant petit the founder of profoundly and near group the today is going to be one of those episodes it is you are just gonna be completely blown away about this guys hustle."
57,"today's guest has been starting businesses in the restaurant space since 1989. he is the founder of hero certified burgers, and an innovator in the restaurant industry. his brand was one of the first to embrace the sustainability movement and is leading the charge in virtual kitchens.","scott reyes is the host of the top restaurateurs podcast. sign up for the newsletter. you can get transcripts of this episode. anchor anchor is the easiest way to make a podcast. they give you everything you need in one place for free, which you can use right from your phone or your computer. other sites like anchor anchor. anchor anchor."
58,welcome to bits of tea a sound mind and body wellness podcast. in this episode we dive in with some tea about the owners queen koni & t. hunter and what all they have in store. the shenanigans have already started so be prepared to laugh!,"it is your guilty hunter and if you are listening right now, you know, you are tapped into the highest frequency. the universe has to offer and that is love y'all. this is bits of t a sound mind and body wellness podcast where we want to connect and we want to spread love, you know, over the internet. so, you know, what is good everybody? happy walk? it is saturday. it is your girl connie from sound mind and body wellness presenting you guys with our"
59,"today i’m overjoyed to be talking all things “best life” with the beautiful blogger kelsi kendel. after five years of blogging with our collective muse,her blog explores lifestyle topics galore, including fashion, family, beauty, home, and motherhood. she joins me from saskatchewan where she lives her best life with her husband garrett, daughter bella, son luca, and yorkie chanel.","amanda sellers is a voice actor and voiceover coach meditation teacher and an entrepreneur with a lot of passion love and curiosity on how to live her best life kelsey kendall joins me today from drift in saskatoon. she lives her best life with her husband garrett daughter bella son, luca and your key chanel. we met at a clothing boutique in saskatoon when we were both working there. yeah. yeah."
60,"rand fishkin, co-founder of moz and one of the most recognized figures in the digital marketing world, discusses the problem with growth hacking, talks about the dilemma of selling a service vs. selling a product, and introduces us to his recent enterprise, sparktoro.","the problem with growth hacking podcast. a lot of things overlap, right? you know that for me seo was a bit of a passion and something that i always felt could help the business so in my book it is really insightful hello guys we have elementary talks first an where innovative ran on runs learn how to build better websites rand fishkin discusses run great but very much your: I think like"
61,"pablo delgado on twitter asks, how do you deal with leaders who are successful and apparently have no clear reason to change? if you have a question, find me on twitter at bud_caddell.","this is a short answer to a great question pablo delgado and twitter ass how do you deal with leaders who are successful and apparently have no clear reason to change? the first thing you can do is just to find someone else who can influence them who can make it clear that this sort of change. is both required and will be rewarded. the last thing you should do is just focus on shaping their behavior over time, praise it reward it give attention to it inside the organization so they are more likely to continue that"
62,introducing the first episode of our ‘do what makes you feel good series’ we talk about why doing something you hate can ruin your sunday evenings. throughout the series aimie will be interviewing people who have taken the plunge and quit a job they hate to do what they love.,i love sundays because i absolutely love what i do. i am the director of happiness and people so i think because i absolutely love what i do. i naturally just look forward to monday. i love a sunday evening getting into fresh pajamas because you spent the weekend cleaning the house do any washer and things that you do not get to do in the week and looking forward to monday. i am doing feel good club full-time and i am actually really happy and
63,this episode is all about the nuts and bolts of going up gluten and choosing the right gluten-free alternatives! i also give you some gluten-free meal ideas and a five step strategy to get rid of gluten for good!,kim is a health coach natural nutrition consultant and teacher. i have also had ms. for nine years. my mission is to spread the word that ms. can be successfully managed holistically. so welcome to the fourth episode of the ms diet for life podcast. i am kim a health coach natural nutrition consultant and teacher. i have also had ms. for nine years. i will be giving you a five-point strategy at the end of the podcast to help you start eliminating
64,"the lfts team chats with the writing team behind star wars jedi: fallen order about the process of writing a video game and the unique place the story sits in the chronology of the star wars saga.'s class: instagram-worthy photography: shoot, edit & share show notes aaron contreras, megan fausti, _ for inquiries and booking: vince",michael and brian are on the beyond the screenplay podcast today. they talk about star wars jedi fallen order by respawn entertainment. we discuss how writing a video game differs from writing a movie.
65,"in this podcast we will talk about what 180 degrees consulting at the university of melbourne does, exciting past projects from our 180 experiences and much more. for more information, 180dc.org/branch/melbourne/","welcome to 180 degrees comes out in melbourne university's first ever podcast where we will be discussing what 180 degrees consulting does and what is happening at our melbourne branch? yeah, so i am whitney vice president of 180 degrees comes out in melbourne today. i am a current second-year law school student and i previously completed a bachelor of commerce. so it is a great sort of connection between students who are really passionate about the social enterprise space and organizations that are working out in that"
66,"there should be nowhere in your life where you are taking the long road and you do not have to. what is more important, time or money?","you know, there is more sets of lines than every single vegas nightclub combined like times a hundred. so i went to the sears tower in chicago and i was like i am going to go there have some fun. so i walk up to the front door right now. there is only one line. it is like wrapped around the whole block and michigan avenue and i am like, there is no way there is a vip like cut the line. okay. that is the line inside"
67,"in the first episode of the tucker’s corner podcast, i talk about the premier league matches last weekend and the upcoming ones this weekend! i also talk about who performed well and who needs to step up their game! hope you guys enjoy and see you next week! follow me on instagram and my blog in the bio of my instagram!","this is the first episode of my new podcast which i have been starting and the plan for this is to go through the premier league and other leagues around the world each week and review the games that played during the weekend. i matches during the weekend and preview the ones coming up this next weekend. so yeah, this is episode 1 of the soccer ball. cast my name is tucker leveroni. i am a teenager going into my senior year of high school and this is basically the podcast dream that i have always"
68,"this week we find out about scottish amateur team, wishaw wycombe wanderers. there is all the action and reaction from the chairboys trip to rochdale plus i caught up with some wycombe fans to get their thoughts on this seasons squad, the start to the campaign and the future of the club.",wycombe wanderers 3 choose burrito neil fleetwood town three southern united nail coventry city one do not custer rovers won beeps which town for tranmere rovers won oxford united three gillingham near peterborough united three afc wimbledon to milton keynes dons one and of where the casa winning away from home gun. we are ringing the blues from mexico city and here are
69,"lizzie opens up about being clean & sober, working a full time legit job and overcoming the hardships of finding a place to live coming out of prison. well, go ahead with your bad self miss lizzie!!! on the flip, her old flame, scott is not exactly cheering her on and is throwing more hate her way! oh and did i mention michael is her least favorite cast member. we break it all down on today's love after lockup news daily with kittie kaboomnew episode every day with the latest love after lockup news lalu lifeafterlockup loveafterlockup","lizzie is feeling pretty sexy about herself after sharing her proverbial glow up with the world on today's love after lockup news daily lizzie opens up about being clean and sober working a full-time legit job and overcoming the hardships of finding a place to live coming out of prison. unfortunately scott is not so much. he says the accusations about him being a full-blown drug addict or false. oh, wait what you were a successful criminal"
70,"in today’s episode i’m chatting with autism sibling, juliana fetherman. juliana shares her family’s journey with her brother, michael, and also talks about developing her app ‘making authentic friendships’, which is designed as a way to facilitate friendships for people with special needs. juliana is such an incredible sister and she talks all about the lessons she’s learned from having a brother with asd. she explains how the idea of the app was inspired because of michael and his desire to make friends. it was such a pleasure to connect with juliana and i’m so thrilled to",i really appreciate the reviews like an apple podcast. that means the world to me and i really appreciate those reviews especially like an apple podcast. so thanks for coming on megan. welcome to adventures and autism episode 34. i am megan carranza. thank you so much for coming to listen. this episode was recorded a couple months back. so i have an update at the end stay tuned. juliana featherman is an autism sibling and she shares her journey with her brother michael and her
71,"join us for the first episode of binary concat! a computing science podcast with an open discussion that does not require you to be an expert, just interested. in this episode we talk about the guts hackathon, the world of internships, what this podcast is about, and other random topics. note: there are definitely a few audio issues but we are hoping we will fix these for future episodes","welcome to binary can cat computing science podcast where we contact one and one to make three. welcome. sophia, welcome. i refuse. thank you very much. yeah. so what is the first section sophia? basically, we are going to tell talk about something that happened in university recently and probably all of computing science students know there was a hacking incident at uni. sophia, thanks for joining us. yes. it is with computing science and we are both for here students at university of glasgow"
72,"today i am here to tell you: there are no mistakes, you belong here. nothing has gone wrong, it’s right to be who you are. we all have different ways of being, your way may look different than others but it is your way, and it is good. rainbow new meditations released every sunday www.purelylucy.co yellow_heart you can find me on instagram here! www.",it is time to honor your cycles your impulses your ways your decisions your heart you. nothing has gone wrong. it is good that you are the way you are. nothing has gone wrong. nothing has gone wrong. nothing has gone wrong. so do not judge yourself harshly against the world around you. as you move with your intuition your impulses what comes naturally and joyfully to you without comparison consensus or inner contradiction you will absolutely fulfill your purpose a healthy ecosystem is a diverse one.
73,"jose and matt talk about what went wrong during week two against the kansas city chiefs, preview next week's game against the minnesota vikings, potentially trading for minkah fitzpatrick and take a look at the rest of the division. if you leave a 5 star review and comment with your favorite raider moment, we will read it on next week's episode! twitter: 21 95.","i believe there are four quarters. that is all you know in a football game. you know, yeah just maybe just a fourth more since obviously just you know how to play in this game fourth of a 1/4 of a game. that is all you know. mahomes like all right, you are gonna go to sleep. not like i need any more. what is up everyone? welcome to another episode of the flies sweet podcast partner with raider ramble.com head on over."
74,"today we are going to deep dive into sec filings and i want to contrast the two biggest exemptions in the sec that most people file from! this episode goes through reg d 506b vs reg d 506c tune in today so that you can optimize your fund like the best! by the way, if you want to start your own fund without an ivy league degree, go to www. today",i am bridget pennington and this is investment fund secrets. so last night i was on the sec website just hanging out with some of the most ingenious fund managers around and i came across these articles about regulation a funds 503 504 505 506 funds alden type stuff. so we are going to walk through that be kind of fun. so first off we will start with 506 b. now before we get into this you can raise under 506 unlimited amount of money both be in b
75,"the kind of women who always chase men and how you can become the kind of high-value man who women love and want to chase. in this video coaching newsletter i discuss an email from a twenty five year old woman who has been following my work for the past five months. initially she says that she hated me because the guys who treated her like shit acted exactly like how i teach guys to be. however, she says she has since fallen in love with my coaching and has changed her attitude and mindset, even referring my work to men she knows could use the help. she discusses how my work helped her to self-reflect, self-diagnose and come to understand why she chased","i teach but as she continued to watch my videos this one is actually from a woman who always chases men. why do women instinctively naturally and instinctively chase guys? the quote says masculine energy is about purpose drive missions succeeding accomplishing breaking through barriers overcoming challenges and fulfilling ones purpose mission. in order to maintain sexual polarity and attraction, they must behave in ways that are congruent with their natural dominant essence. if their natural dominant essence women are naturally innately driven to get noticed by"
76,"on this episode, the crew discusses dating strippers and girls with only fans accounts, supporters and how not to get in trouble with your girl.","sadly missing julio. thanks again, and we could bring goal for fucking weeks. i do not even know how you do your work to be fair. i do not even know how you do your work to be fair. but yeah, we appreciate you all shaundra. i am like hold up. i did not even know how you do your work to be fair. - said she lo long i told you what she wrote she lo long i told you i am like"
77,"a crow enlists the help of a woman, instructing her to pluck a feather to make magical wishes. the feather gives her the power to refuse suitors and cook delicious meals. the enchanted quill is one of 500 fairy tales preserved in a collection that belonged to historian folklorist franz xaver von schönwerth in the 1860s. parcasters - hear hercules as you’ve never heard him before on this week’s episode of mythology!","a thunderous arm of lightning lit up the castle as a jagged arm of lightning lit up the sky inside the castle. princess renaldo cornered her brother prince stefan. you cannot do this. he shouted if you kill our father, i will make sure this whole kingdom knows you are a treasonous murderer if i kill our father. and how do you think you will keep me from telling everyone what you have done? scuffed princess rain ald"
78,"who is this girl and why should you listen to her? elizabeth cunningham is the host and creator of the podcast love dripping from the walls. find out what this podcast is about, what she is about, how to be a professional slut and some of what her life has looked like in being polyamorous.",you just start making money from your podcast. so download the free anchor app or go to anchor dot f m-- to get started and keep listening and keep loving. so here is the easiest way to make a podcast. it is free. there is creation tools that allow you to record and edit your podcast right from your phone or computer. so it can be heard on spotify apple podcast and many more platforms. so download the free anchor app or go to anchor dot f m-- to get started and keep loving
79,"on this day in 1955, 14-year-old emmett till was abducted from his bed by two white men, beaten, and murdered. parcasters - the assassination of emmett till reverberates through american society to this day. for deep dives on impactful deaths and their result, subscribe to assassinations on spotify.","today is wednesday, august 28th, 2019 on this day in 1955. a 14 year old black boy was abducted from his bed by two white men beaten and murdered the teenagers brutal lynching was widely publicized and brought new life to the civil rights movement galvanizing the emmett till. today is wednesday, august 28th, 2019 on this day in 1955."
80,"we talk with david whelan, ceo of immersive vr education, creators of engage, a virtual reality communication education and training platform. engage is also coming to the oculus quest and htc vive focus. we actually recorded this episode in engage both using quests!!!",you can get paid to podcast right away. vr engage is actually a social multi-user virtual world designed for education. and so we have the pleasure of actually hearing from the creator of engage even waylon. engagement is being tested on the oculus quest. i am quest.
81,"“your inner child is still in there and they want that play. it helps you create more of that creative energy within you, which is your life force energy.” “find those tiny things that make you so happy, and do more of them.” “those things that seem pointless to do, they’re not.”  the importance of play and pleasure  how to find your forms of play  accessing your inner child and happiness  why you need to take an observer’s perspective certification - eb ends this week! witch womb wisdom wait-list follow me on instagram!","this is about how to have more play because you know your inner child. she is still in there and he wants that play. it is fun, right it helps reduce stress. it helps. it just helps fucking everything and it helps you create more of that creative energy within you which is that life force energy. so let us use some examples like for some of my male clients I have done cartwheels and jumping on a trampoline like doing cartwheels. so i want you to ask yourself what made you really"
82,welcome to the first episode of over caffeinated! i’m so excited to start this podcast and interview so many fun people in the process. please check out the instagram and let me know what topics you would like my guests and i to discuss!,over-caffeinated with sophia cacioppo. i am a junior at marquette university and i have been wanting to start a podcast for a really long time. my favorite podcast that kind of got me started listening to podcast in general was chicks in the office. and so i would share on my spotify story and i tagged fran and which are the two girls that have the podcasts and host it. and so then immediately i fangirled and i freake
83,"ruth and tim get to talking about what they want to get out of this podcast, where we want to take it, and preaching the good word of creative code, and generative art.",you cannot have a podcast without random. you cannot have a podcast without random. that is it. i think you cannot have a podcast without random. i think you cannot have a podcast without random. i think you cannot have a podcast without random. i think you cannot have a podcast without random. i think you cannot have a podcast without random. i think you cannot have a podcast without random. i think you cannot have a podcast without random. i think you cannot have
84,"this week i got a chance to interview a friend of mine over the phone. rob is a husband, new father, and marine corps officer. he grew up in gainesville, fl and has been into sports and fitness his whole life. we talk about his journey from exercising for sports to exercising for his career and essentially being prepared for anything. he is learned a lot over the years and has great insight. we hope you enjoy!","i am the host of the lead fitness podcast with you. this is cool. hey there listeners. we have a great conversation i love it. i was born in florida did not really want to do college., andnia. welcome your host caleb whitfield. hello. yeah.. okay. i like it. rob my name is ii"
85,"hey there, welcome to another german podcast by english, eh?, and today we’ll be talking about places one can go to as well as some restaurant vocabulary. so let’s get started. wohin gehst duwhere are you going to? die kirche – the church der supermarkt – the supermarket/ grocery store das krankenhaus – the hospital das ratthaus – the city hall die bank – the bank der park – the park die uni – the university in german, when you wanna say that you are going to certain places you can use the preposition “zu” before the actual noun, but be careful, “",today we will be talking about places one can go to as well as some restaurant vocabulary. listen carefully. hello guten morgen. it is deva speaking here and welcome to another german podcast by english a. today we will be talking about places one can go to as well as some restaurant vocabulary.
86,on this episode of not so logic you get to meet our host dave hall. you also get to hear the lineup of topics and guest for the next few weeks,"if you would like to subscribe to the podcast right now, go ahead and pause hit pause hit subscribe. so over the next few weeks man, we have got topics lined up. let us see. one of the topics is the prison that is your mind and understanding that you are the one with the key that is going to be a dope dope episode. let us see another one is is my moral compass broken or am i just human? another one is christianity friend or foe. let us"
87,"my guest in this episode is justin butterworth, a serial entrepreneur whose innovations have already changed how we rent property in australia, and who, with his latest venture, snug is working to shake us up all over again. snug is focused on making renting easier. it has three key ways it does this – snug match helps property managers find the best tenants faster, bondcover which is seeking to transform how a bond is paid and managed, and a truly revolutionary new venture that is looking at how we could use superannuation with a rent-to-buy investment scheme. justin with his background as an economist is a great example of the fresh thinking that is driving innovation in real estate,","kylie davis is the host of the prop tech podcast. we are justin butterworth, founder and CEO of snug salt. so welcome to the prop tech podcast. it is kylie davis here. our guest today is justin butterworth. for property managers to help them select their best tenant faster and easier using a single platform. so that is really solving for the mismatching of renter's owners. so this episode justin butterworth joins us as we explore the new world where technology and"
88,"welcome to the arsenal asylum podcast, the football fan show where we explore our noble goals as arsenal fans and the insecurities and frustrations which undermine them. here in the studio today we have a round table assortment of ‘gooners’ ready to dive in and give their thoughts on all things arsenal related - and what an eventful few months it has been in the 2019/20 season so far! here with us today we have swerve, king seyi, mod kickupthearse and nigel. the arsenal asylum makes reference to our whatsapp group which came together this past summer and it’s fair to say the name has been through a few iter",the arsenal asylum is a name for our whatsapp group which has come about from the feeling that as arsenal fans we need a safe haven to vent in here. i feel like we have not we have not done as well as we would have hoped to give an amount of money we spent but amen. this is a marathon. not a sprint. i think shay in all honesty. yeah. i'm pretty sure i'm going to be honest with you guys. i love
89,"in episode 3 i sit down with kirsty from james the salon, to talk about how she has used social media to build up a successful hairdressing business in adelaide. we also talk about kirsty’s account getting hacked and how she was able to get it back, dealing with copy cats and what inspires and motivates you to keep going in business. 2bhtxtldgttbyc61spla?view_as=","ellison start with a social media company called elements or creative. we are here to talk about the social business world and the power of influence how we learn from some and give to others. can you please but you find out now, maybe you will find? ella des is a social media manager and fashion designer and bob dace a businessman by day. ellison start together on a social media company called elements or creative. we are here to talk about the social business world and the power of influence how we"
90,"at just 16 years old, ella fajardo helped win the philippines its first fiba medal in the women's division. in this special bonus episode, ella and go hard girls host ceej tantengco talk about her experiences as a filipina baller in the usa and why the new generation of female athletes are speaking up for equality like never before.","elif hard and her meats just won the fiba 3x3 under 18 asia cup bronze medal in the philippines first ever medal in the women's division. and you know what, she was listening to for inspiration while training go hard girls. and you know what, she was one of our first ever listeners. ella was actually one of our first ever listeners. he is back in the usa for her study. so thank you so much for wearing a yellow shirt represent. hello"
91,"leaving home and carving out an amazing career in a foreign country can be very daunting. in this episode, ronster chats with taj mahal aquino, a vice president of one of the biggest banks in singapore. she will talk about how she started her career as a radio dj which led her to shift to the corporate world, specifically in the bpo industry, to be able to balance school and work. taj discussed how this led her to bigger and better job opportunities that included an offer to migrate to kuala lumpur. she will share her experiences as an immigrant and the adjustments she had to make to survive living away from",it's a human nature. this is your host ronster bait young welcome to episode 33 of the hustle share podcast the features a daily grind. today we are going to be talking about the hustle of a filipina executive who was the vice president in a big bank in singapore. and today we are going to be talking about the hustle of a filipina executive abroad. but before we begin i would like to apologize in because we recorded this episode outside specifically by the singapore river
92,"dr. amelia kaplan romanowsky is a psychologist, professor, and author. she has co-authored the book treating affect phobia, teaches at montclair university, and has a private practice in maplewood, nj where she specializes in couples therapy. developing healthy boundaries is a pillar of dr. romanowky's clinical work and she teaches this to her clients in both individual and couples therapy. to hold healthy boundaries helps contribute to a positive self regard as well as cultivating open and respectful relationships. in this incredibly informative interview, dr. romanowsky describes what it means to be over-boundaried, under-bounda",if you could write a review and apple podcasts. it seems small but it is so helpful in getting more listeners to support our podcast. we would love it if you could take a moment to write a review and apple podcasts. thank you so much simone humphrey and cena simon for listening to love link today. we are interviewing dr. amelia kaplan romanowski psychologist professor and author currently.
93,"the fallen flower kikyo joins to discuss her career and the career changing event that happened in the stardom ring with tam nakano at shinkiba 1st ring in july of 2018. you will want to hear her tell her story. follow kikyo on twitter also on the show: we will look at the top 5 headlines of the week also, we take a look at the joshi show....s of the week. you can follow eric howard on twitter and the show","i wanted to start a podcast but i did not know how to record it or get it out to the public. so i downloaded the free anchor app or go to anchor dot f m-- to get started. i am your host erick howard coming to you from beautiful, san diego, california. we have another real fun show for you this week. as always we will look at the top five headlines of the week. we will see jesse"
94,"what makes mentorship valuable, and should everyone have a mentor? in this episode tanner and jasmine discuss their experience with mentors throughout their 20+ years of design and why mentorship often does not take on the appearance the industry thinks it does. how to find a good mentor, how to ensure the relationship between a mentor and mentee is healthy, and much more in this episode of new layer.","you know, when you are listening to new layer a design podcast with tanner christensen and jasmine friedel it is really important in any career is how do i find a mentor? yeah. i have definitely had mentors. and would you say that like they have been someone that you have actually pursued in building that mentor-mentee relationship? yeah. i think i have in hindsight. i can see that there were certain people who kind of helped mentor me"
95,"welcome to the bruins take podcast, a new weekly show from the cherry creek sports network featuring all things creek athletics. 7ouq",the cherry creek bruins take a new show here at the cherry creek sports network that features cherry creek athletics news and culture. you get an inside look of all things cherry creek athletics rick kick it right off with cherry creek football. they are undefeated this season so far there they beat chaperone forty nine to seven at half in really just blow out from start to finish chance your opinions on the game.
96,this new series that i have started is about the times i have almost died and turned them in to positive moments! listen in as a story develops to lesson for all to learn from.,"you can also make money from your podcast with no minimum listenership. so it can be heard on spotify app or podcasts and much more that way the viewer should can just keep on pouring in. i have been in a bad situation and i have never given up now the story begins in 2009. i believe i went to hawaii for choir trip which was incredible got to see the uss, arizona got to perform on a battleship. it was incredible. now our story begins after"
97,an emotional interview between lead singer in the group surface aka my dad and kristopher jackson founder of the just be you movement. where we detail his rise to fame and how it has influenced his outlook as a father.,"it is amazing. you can edit on the app. i am doing pretty good. so, how is everything as a kid? i realized i could sing. i also realized that girls like that right? yeah, i did not know that well. i was a dreamer when i was very young. i do not know how do you know that you are good at something when you are so young like i did not how do you know i could sing? you know, we are gonna"
98,"this episode is in amharic, tigrinya, and english. it’s a fun conversation about safe sex with my best friend that i decided to record because why not!","i can like cut it and stuff. okay. you know me. yeah. we are talking gibberish amharic is my second language. so she is fluent in amharic. that is good practice. the first time, to there? i am sorry for the language. i am i am not a girl...... by.. because really. but. delicious"
99,"welcome to sleep eat perform repeat episode 16. today, in the second of our crossfit ireland series of interviews we spoke to michael smith, fittest crossfit athlete in ireland 2019 and co-owner of est_28 in newry. we spoke to michael about his crossfit journey so far, the philosophy of est_28, the physical requirements of crossfit, his typical week of coaching and training, the evolution of his training and mindset after making the crossfit games, managing highs and lows, his 3 favourite bits of kit to train with and what his wod would be with those, his role models, the thing he likes and dislikes most",this is the sleepy perform repeat podcast. connor gavin has extensive experience working in high performance environment with the irish rugby team myself david clancy and connor gavin. we are going to share our experience and know-how from having worked in high performance environment with the brooklyn nets and the san antonio spurs of the nba. socal performance dublin 2019 is also the corner of est 28 up and nuri. so michael
100,"often times toxic and narcissistic people will move on to a new person or new source of supply very quickly. this leaves people with a lot of questions including, did i even mean anything to them? this is tru not only of romantic relationships but also friendships and workplace relationships. in this episode matthew will talk about how and why they move on so quickly, and answer some of these burning questions you may have.","you can make money from your podcast with no minimum listenership. so download the free anchor app or go to anchor dot f m-- to get started. it is the easiest way to make a podcast. there is creation tools that allow you to record and edit your podcast right from your phone or computer. anchor will distribute your podcast for you. so you can be heard on spotify apple podcast and many more you can make money from your podcast with no minimum listenership. this is not just true of romantic relationships, but"
